"","Effect","F","v1","v2","ncp","Rsq","upper.CL","lower.CL"
"1","poly(pca1_clima, 2)2",23.3879761650647,1,173,23.3879761650647,0.119090672564429,0.21760630340597,0.0450628608133011
"2","poly(cover_litter, 2)2",8.14317981810782,1,173,8.14317981810782,0.0449543826396593,0.121288099250974,0.00460117042759883
"3","poly(pca1_clima, 2)1",3.0808943429244,1,173,3.0808943429244,0.0174970393830703,0.075547455662949,0.000122127171890583
"4","grazing_intencity",2.60403486164798,1,173,2.60403486164798,0.0148290149693861,0.0702455560501695,7.63871268820171e-05
"5","poly(Corg_percent, 2)1",2.57654609333704,1,173,2.57654609333704,0.0146747737705658,0.0699305602460859,7.43389119776708e-05
"6","poly(cover_litter, 2)1",0.642738898834519,1,173,0.642738898834519,0.0037015017322952,0.0430834070541081,1.08252933192694e-05
"7","poly(Corg_percent, 2)2",0.472233328582844,1,173,0.472233328582844,0.00272224159176162,0.0398262601688153,9.12882116863111e-06
"8","poly(pH, 2)2",0.11391678652411,1,173,0.11391678652411,0.000658045226165074,0.0317481639437857,6.38001974652588e-06
"9","poly(pH, 2)1",0.0336023547871331,1,173,0.0336023547871331,0.000194195545430737,0.0296290393675686,5.88766435252941e-06
"10","mowing1",0.00100805256058111,1,173,0.00100805256058111,5.8268594612746e-06,0.028731738440068,5.69885599176066e-06
"11","poly(Prec_Varieb, 2)1",17.4295220984885,1,173,17.4295220984885,0.0915274160561832,0.18422841824734,0.0273202710080237
"12","poly(Prec_Varieb, 2)2",1.75401059423524,1,173,1.75401059423524,0.0100370262649245,0.0598963866231479,3.28344298076121e-05
